ticker,industry,high_dividend_yield_overall_rank,high_dividend_yield_per_industry_rank,high_eps_overall_rank,high_eps_per_industry_rank,high_market_cap_overall_rank,high_market_cap_per_industry_rank,low_pe_absolute_overall_rank,low_pe_absolute_per_industry_rank,low_pe_relative_industry_overall_rank,low_pe_relative_industry_per_industry_rank,high_dividend_yield_overall_value,high_dividend_yield_per_industry_value,high_eps_overall_value,high_eps_per_industry_value,high_market_cap_overall_value,high_market_cap_per_industry_value,low_pe_absolute_overall_value,low_pe_absolute_per_industry_value,low_pe_relative_industry_overall_value,low_pe_relative_industry_per_industry_value,selected_in
4DS.AX,Semiconductors & Semiconductor Equipment,,,,1.0,,,,,,,,,,-0.01,,,,,,,high_eps_per_industry
A2M.AX,"Food, Beverage & Tobacco",,,,,,1.0,,,,,,,,,,6653735424.0,,,,,high_market_cap_per_industry
AAI.AX,Materials,,,7.0,,32.0,,,,,,,,6.89,,22255611904.0,,,,,,"high_eps_overall, high_market_cap_overall"
AAL.AX,Capital Goods,,2.0,,,,,,,,,,8.19,,,,,,,,,high_dividend_yield_per_industry
ACU.AX,Real Estate Management & Development,,,,,,,,2.0,,2.0,,,,,,,,7.5000005,,0.3281133865641707,"low_pe_absolute_per_industry, low_pe_relative_industry_per_industry"
ADN.AX,Materials,,,,,,,50.0,,37.0,,,,,,,,2.4,,0.050071151655835415,,"low_pe_absolute_overall, low_pe_relative_industry_overall"
AFA.AX,Financial Services,,,,,,,36.0,,50.0,,,,,,,,1.6,,0.07497760513273286,,"low_pe_absolute_overall, low_pe_relative_industry_overall"
AFI.AX,Not Applic,,,,,,2.0,,,,,,,,,,8921242624.0,,,,,high_market_cap_per_industry
AFT.AX,Not Applic,,,,,1.0,1.0,,,,,,,,,1647536569843712.0,1647536569843712.0,,,,,"high_market_cap_overall, high_market_cap_per_industry"
AGL.AX,Utilities,,,,,,,,2.0,,2.0,,,,,,,,10.150673,,0.20381960721534229,"low_pe_absolute_per_industry, low_pe_relative_industry_per_industry"
AGY.AX,Materials,,,,,,,,,43.0,,,,,,,,,,0.06258893956979428,,low_pe_relative_industry_overall
AIQ.AX,Not Applic,,,,,,,,1.0,,1.0,,,,,,,,2.709091,,0.1518655978982552,"low_pe_absolute_per_industry, low_pe_relative_industry_per_industry"
AJX.AX,Materials,,,,,,,18.0,,14.0,,,,,,,,0.70000005,,0.014604086942767656,,"low_pe_absolute_overall, low_pe_relative_industry_overall"
ALL.AX,Consumer Services,,,21.0,2.0,21.0,1.0,,,,,,,1.89,1.89,35531816960.0,35531816960.0,,,,,"high_eps_overall, high_eps_per_industry, high_market_cap_overall, high_market_cap_per_industry"
ALX.AX,Transportation,,1.0,,,,,,,,,,8.3,,,,,,,,,high_dividend_yield_per_industry
AMC.AX,Materials,,,,,26.0,,,,,,,,,,29036492800.0,,,,,,high_market_cap_overall
AMS.AX,Consumer Durables & Apparel,,,,,,,29.0,1.0,,1.0,,,,,,,1.35,1.35,,0.0968387504785558,"low_pe_absolute_overall, low_pe_absolute_per_industry, low_pe_relative_industry_per_industry"
ANN.AX,Health Care Equipment & Services,,,49.0,,,,,,,,,,1.05,,,,,,,,high_eps_overall
ANR.AX,"Pharmaceuticals, Biotechnology & Life Sciences",,,,,,,19.0,,20.0,,,,,,,,0.70000005,,0.0220136513813923,,"low_pe_absolute_overall, low_pe_relative_industry_overall"
ANZ.AX,Banks,,,20.0,,8.0,,,,,,,,1.96,,108220686336.0,,,,,,"high_eps_overall, high_market_cap_overall"
AOF.AX,Equity Real Estate Investment Trusts (REITs),10.0,1.0,,,,,,,,,17.75,17.75,,,,,,,,,"high_dividend_yield_overall, high_dividend_yield_per_industry"
AOV.AX,Automobiles & Components,,1.0,,,,2.0,,,,,,4.98,,,,1197957120.0,,,,,"high_dividend_yield_per_industry, high_market_cap_per_industry"
APA.AX,Utilities,,2.0,,,,,,,,,,6.18,,,,,,,,,high_dividend_yield_per_industry
APW.AX,Equity Real Estate Investment Trusts (REITs),,,40.0,1.0,,,,1.0,,1.0,,,1.18,1.18,,,,2.6355932,,0.11217781325274145,"high_eps_overall, high_eps_per_industry, low_pe_absolute_per_industry, low_pe_relative_industry_per_industry"
AQZ.AX,Transportation,,,,,,,,1.0,,1.0,,,,,,,,3.4444444,,0.09134964743469583,"low_pe_absolute_per_industry, low_pe_relative_industry_per_industry"
ARB.AX,Automobiles & Components,,,41.0,2.0,,1.0,,,,,,,1.18,1.18,,2661394432.0,,,,,"high_eps_overall, high_eps_per_industry, high_market_cap_per_industry"
ASK.AX,Equity Real Estate Investment Trusts (REITs),,,,,,,,2.0,,2.0,,,,,,,,7.022727,,0.29890582428691387,"low_pe_absolute_per_industry, low_pe_relative_industry_per_industry"
ASX.AX,Financial Services,,,13.0,,,,,,,,,,2.59,,,,,,,,high_eps_overall
ATP.AX,Consumer Durables & Apparel,14.0,1.0,,,,,,2.0,,2.0,14.0,14.0,,,,,,3.8999999,,0.2797563830981426,"high_dividend_yield_overall, high_dividend_yield_per_industry, low_pe_absolute_per_industry, low_pe_relative_industry_per_industry"
AUB.AX,Insurance,,,26.0,2.0,,,,,,,,,1.53,1.53,,,,,,,"high_eps_overall, high_eps_per_industry"
AVD.AX,Commercial & Professional Services,,,,,,,32.0,2.0,40.0,2.0,,,,,,,1.5555555,1.5555555,0.05265078738042491,0.05265078738042491,"low_pe_absolute_overall, low_pe_absolute_per_industry, low_pe_relative_industry_overall, low_pe_relative_industry_per_industry"
AXE.AX,Semiconductors & Semiconductor Equipment,,,,2.0,,2.0,,,,,,,,-0.03,,95567632.0,,,,,"high_eps_per_industry, high_market_cap_per_industry"
AZ9.AX,Materials,,,,,,,26.0,,21.0,,,,,,,,1.15,,0.0239924268350878,,"low_pe_absolute_overall, low_pe_relative_industry_overall"
BCB.AX,Materials,,,,,,,15.0,,11.0,,,,,,,,0.5156766,,0.010758550518318992,,"low_pe_absolute_overall, low_pe_relative_industry_overall"
BCC.AX,Technology Hardware & Equipment,,,,,,,44.0,,,,,,,,,,2.0,,,,low_pe_absolute_overall
BDM.AX,Materials,,,,,,,9.0,,8.0,,,,,,,,0.28333336,,0.005911178182382255,,"low_pe_absolute_overall, low_pe_relative_industry_overall"
BFL.AX,Banks,,1.0,,,,,,2.0,,2.0,,7.49,,,,,,9.878049,,0.48579598156431103,"high_dividend_yield_per_industry, low_pe_absolute_per_industry, low_pe_relative_industry_per_industry"
BHP.AX,Materials,,,12.0,,4.0,2.0,,,,,,,2.69,,228874993664.0,228874993664.0,,,,,"high_eps_overall, high_market_cap_overall, high_market_cap_per_industry"
BIO.AX,Household & Personal Products,,,,2.0,,1.0,,,,,,,,0.0,,92382832.0,,,,,"high_eps_per_industry, high_market_cap_per_industry"
BKT.AX,Materials,,,,,,,31.0,,26.0,,,,,,,,1.5,,0.03129446978489714,,"low_pe_absolute_overall, low_pe_relative_industry_overall"
BNL.AX,Energy,,,,,,,8.0,1.0,12.0,1.0,,,,,,,0.25,0.25,0.01162541251032481,0.01162541251032481,"low_pe_absolute_overall, low_pe_absolute_per_industry, low_pe_relative_industry_overall, low_pe_relative_industry_per_industry"
BOL.AX,Capital Goods,,,,,,,,2.0,,2.0,,,,,,,,2.9464285,,0.09973734883834749,"low_pe_absolute_per_industry, low_pe_relative_industry_per_industry"
BPH.AX,Financial Services,,,,,,,23.0,1.0,35.0,1.0,,,,,,,1.0,1.0,0.04686100320795803,0.04686100320795803,"low_pe_absolute_overall, low_pe_absolute_per_industry, low_pe_relative_industry_overall, low_pe_relative_industry_per_industry"
BPT.AX,Energy,30.0,,,,,,,,,,10.53,,,,,,,,,,high_dividend_yield_overall
BRG.AX,Consumer Durables & Apparel,,,,1.0,,1.0,,,,,,,,0.93,,4266823680.0,,,,,"high_eps_per_industry, high_market_cap_per_industry"
BSX.AX,Materials,,,,,,,21.0,,18.0,,,,,,,,0.93999994,,0.019611199813423415,,"low_pe_absolute_overall, low_pe_relative_industry_overall"
BXB.AX,Commercial & Professional Services,,,,,23.0,1.0,,,,,,,,,31152209920.0,31152209920.0,,,,,"high_market_cap_overall, high_market_cap_per_industry"
BXN.AX,Household & Personal Products,,,,,,2.0,,,,,,,,,,92208000.0,,,,,high_market_cap_per_industry
CAA.AX,Materials,,,22.0,,,,,,,,,,1.88,,,,,,,,high_eps_overall
CAN.AX,"Pharmaceuticals, Biotechnology & Life Sciences",,,,,,,4.0,1.0,5.0,1.0,,,,,,,0.029999997,0.029999997,0.0009434420403267327,0.0009434420403267327,"low_pe_absolute_overall, low_pe_absolute_per_industry, low_pe_relative_industry_overall, low_pe_relative_industry_per_industry"
CBA.AX,Banks,,,8.0,1.0,2.0,1.0,,,,,,,6.06,6.06,264610512896.0,264610512896.0,,,,,"high_eps_overall, high_eps_per_industry, high_market_cap_overall, high_market_cap_per_industry"
CCG.AX,Telecommunication Services,,2.0,,,,,,1.0,32.0,1.0,,6.88,,,,,,7.4,0.04042294950341503,0.04042294950341503,"high_dividend_yield_per_industry, low_pe_absolute_per_industry, low_pe_relative_industry_overall, low_pe_relative_industry_per_industry"
CCP.AX,Financial Services,,,31.0,,,,,,,,,,1.37,,,,,,,,high_eps_overall
CDA.AX,Technology Hardware & Equipment,,,,1.0,,1.0,,,,,,,,0.57,,5352399872.0,,,,,"high_eps_per_industry, high_market_cap_per_industry"
CDM.AX,Not Applic,44.0,,,,,,,,,,8.76,,,,,,,,,,high_dividend_yield_overall
CEN.AX,Utilities,,,,2.0,,,,,,,,,,0.36,,,,,,,high_eps_per_industry
CIN.AX,Not Applic,,,29.0,1.0,,,,,,,,,1.47,1.47,,,,,,,"high_eps_overall, high_eps_per_industry"
CLG.AX,Commercial & Professional Services,,,,,,,25.0,1.0,28.0,1.0,,,,,,,1.039561,1.039561,0.0351859545866296,0.0351859545866296,"low_pe_absolute_overall, low_pe_absolute_per_industry, low_pe_relative_industry_overall, low_pe_relative_industry_per_industry"
CLZ.AX,Materials,,,,,,,1.0,1.0,1.0,1.0,,,,,,,0.0018181818,0.0018181818,3.793269026903326e-05,3.793269026903326e-05,"low_pe_absolute_overall, low_pe_absolute_per_industry, low_pe_relative_industry_overall, low_pe_relative_industry_per_industry"
CNB.AX,Materials,,,,,,,,,49.0,,,,,,,,,,0.0748927484171519,,low_pe_relative_industry_overall
COF.AX,Equity Real Estate Investment Trusts (REITs),48.0,,,,,,,,,,8.71,,,,,,,,,,high_dividend_yield_overall
COH.AX,Health Care Equipment & Services,,,9.0,1.0,43.0,,,,,,,,5.95,5.95,17084041216.0,,,,,,"high_eps_overall, high_eps_per_industry, high_market_cap_overall"
COL.AX,Consumer Staples Distribution & Retail,,,,1.0,25.0,2.0,,,,,,,,0.81,29084141568.0,29084141568.0,,,,,"high_eps_per_industry, high_market_cap_overall, high_market_cap_per_industry"
CPU.AX,Commercial & Professional Services,,,25.0,1.0,34.0,2.0,,,,,,,1.56,1.56,20191080448.0,20191080448.0,,,,,"high_eps_overall, high_eps_per_industry, high_market_cap_overall, high_market_cap_per_industry"
CSL.AX,"Pharmaceuticals, Biotechnology & Life Sciences",,,4.0,1.0,10.0,1.0,,,,,,,9.35,9.35,85537038336.0,85537038336.0,,,,,"high_eps_overall, high_eps_per_industry, high_market_cap_overall, high_market_cap_per_industry"
CTE.AX,"Pharmaceuticals, Biotechnology & Life Sciences",32.0,1.0,,,,,,,,,9.88,9.88,,,,,,,,,"high_dividend_yield_overall, high_dividend_yield_per_industry"
CUE.AX,Energy,15.0,,,,,,,,,,13.04,,,,,,,,,,high_dividend_yield_overall
CVW.AX,Insurance,23.0,2.0,,,,,,,,,11.27,11.27,,,,,,,,,"high_dividend_yield_overall, high_dividend_yield_per_industry"
CWP.AX,Real Estate Management & Development,,2.0,,1.0,,,,,,,,4.25,,0.57,,,,,,,"high_dividend_yield_per_industry, high_eps_per_industry"
DAI.AX,"Food, Beverage & Tobacco",,,,,,,45.0,2.0,,2.0,,,,,,,2.048387,2.048387,,0.1373017715714751,"low_pe_absolute_overall, low_pe_absolute_per_industry, low_pe_relative_industry_per_industry"
DCC.AX,Software & Services,,,,,,,46.0,2.0,29.0,2.0,,,,,,,2.0500002,2.0500002,0.0366837157185192,0.0366837157185192,"low_pe_absolute_overall, low_pe_absolute_per_industry, low_pe_relative_industry_overall, low_pe_relative_industry_per_industry"
DDR.AX,Technology Hardware & Equipment,,2.0,,2.0,,2.0,,,,,,4.3,,0.46,,1846150272.0,,,,,"high_dividend_yield_per_industry, high_eps_per_industry, high_market_cap_per_industry"
DGT.AX,Class Pend,,1.0,,1.0,,1.0,,1.0,,1.0,,3.82,,0.05228,,1527671424.0,,52.792652,,1.0,"high_dividend_yield_per_industry, high_eps_per_industry, high_market_cap_per_industry, low_pe_absolute_per_industry, low_pe_relative_industry_per_industry"
DPM.AX,Materials,,,14.0,,,,,,,,,,2.59,,,,,,,,high_eps_overall
DSK.AX,Consumer Discretionary Distribution & Retail,40.0,2.0,,,,,,,,,8.97,8.97,,,,,,,,,"high_dividend_yield_overall, high_dividend_yield_per_industry"
DTI.AX,Technology Hardware & Equipment,,,,,,,16.0,2.0,25.0,2.0,,,,,,,0.55,0.55,0.029140855896126697,0.029140855896126697,"low_pe_absolute_overall, low_pe_absolute_per_industry, low_pe_relative_industry_overall, low_pe_relative_industry_per_industry"
ECF.AX,Equity Real Estate Investment Trusts (REITs),22.0,2.0,,,,,,,,,11.33,11.33,,,,,,,,,"high_dividend_yield_overall, high_dividend_yield_per_industry"
ECH.AX,Energy,36.0,,,,,,,,,,9.51,,,,,,,,,,high_dividend_yield_overall
EDV.AX,Consumer Staples Distribution & Retail,,2.0,,,,,,2.0,,2.0,,5.16,,,,,,15.208334,,0.5754031395920969,"high_dividend_yield_per_industry, low_pe_absolute_per_industry, low_pe_relative_industry_per_industry"
EM2.AX,Materials,,,,,,,3.0,,3.0,,,,,,,,0.02962963,,0.0006181623738484545,,"low_pe_absolute_overall, low_pe_relative_industry_overall"
EQT.AX,Financial Services,,,36.0,,,,,,,,,,1.27,,,,,,,,high_eps_overall
EQU.AX,Class Pend,,,,2.0,,2.0,,,,,,,,0.0,,38261600.0,,,,,"high_eps_per_industry, high_market_cap_per_industry"
EVN.AX,Materials,,,,,27.0,,,,,,,,,,26438690816.0,,,,,,high_market_cap_overall
EVO.AX,Consumer Services,34.0,2.0,,,,,,,,,9.68,9.68,,,,,,,,,"high_dividend_yield_overall, high_dividend_yield_per_industry"
EWC.AX,Utilities,,,,,,,10.0,1.0,7.0,1.0,,,,,,,0.28823528,0.28823528,0.005787596699766036,0.005787596699766036,"low_pe_absolute_overall, low_pe_absolute_per_industry, low_pe_relative_industry_overall, low_pe_relative_industry_per_industry"
EZL.AX,Financial Services,11.0,2.0,,,,,,,,,16.2,16.2,,,,,,,,,"high_dividend_yield_overall, high_dividend_yield_per_industry"
FCG.AX,Health Care Equipment & Services,,,,,,,,1.0,,1.0,,,,,,,,3.7,,0.07922986885115695,"low_pe_absolute_per_industry, low_pe_relative_industry_per_industry"
FFI.AX,"Food, Beverage & Tobacco",,,,1.0,,,,,,,,,,0.61,,,,,,,high_eps_per_industry
FMG.AX,Materials,,,24.0,,12.0,,,,,,,,1.66,,68537761792.0,,,,,,"high_eps_overall, high_market_cap_overall"
FPH.AX,Health Care Equipment & Services,,,,,38.0,,,,,,,,,,19268093952.0,,,,,,high_market_cap_overall
FWD.AX,Consumer Durables & Apparel,28.0,2.0,,,,2.0,,,,,10.93,10.93,,,,230526928.0,,,,,"high_dividend_yield_overall, high_dividend_yield_per_industry, high_market_cap_per_industry"
G6M.AX,Materials,,,,,,,,,39.0,,,,,,,,,,0.05215744964149523,,low_pe_relative_industry_overall
GGP.AX,Materials,,,35.0,,,,,,,,,,1.33,,,,,,,,high_eps_overall
GMG.AX,Equity Real Estate Investment Trusts (REITs),,,,2.0,14.0,1.0,,,,,,,,0.86,59748851712.0,59748851712.0,,,,,"high_eps_per_industry, high_market_cap_overall, high_market_cap_per_industry"
GQG.AX,Financial Services,29.0,,,,,,,,,,10.89,,,,,,,,,,high_dividend_yield_overall
GTN.AX,Media & Entertainment,5.0,1.0,,,,,,,,,86.34,86.34,,,,,,,,,"high_dividend_yield_overall, high_dividend_yield_per_industry"
GW1.AX,Materials,,,,,,,43.0,,33.0,,,,,,,,2.0,,0.04172595971319618,,"low_pe_absolute_overall, low_pe_relative_industry_overall"
HCF.AX,Not Applic,2.0,1.0,,,,,,,,,114.29,114.29,,,,,,,,,"high_dividend_yield_overall, high_dividend_yield_per_industry"
HCW.AX,Equity Real Estate Investment Trusts (REITs),27.0,,,,,,,,,,10.93,,,,,,,,,,high_dividend_yield_overall
HGO.AX,Materials,,,,,,,48.0,,36.0,,,,,,,,2.2504327,,0.04695073208872966,,"low_pe_absolute_overall, low_pe_relative_industry_overall"
HNG.AX,Capital Goods,35.0,1.0,,,,,,,,,9.52,9.52,,,,,,,,,"high_dividend_yield_overall, high_dividend_yield_per_industry"
HZN.AX,Energy,12.0,,,,,,,,,,15.38,,,,,,,,,,high_dividend_yield_overall
IAG.AX,Insurance,,,,,41.0,,,,,,,,,,18685743104.0,,,,,,high_market_cap_overall
IDA.AX,Materials,,,,,,,7.0,,6.0,,,,,,,,0.24666665,,0.005146201350244531,,"low_pe_absolute_overall, low_pe_relative_industry_overall"
IFT.AX,Capital Goods,,,,,,2.0,,,,,,,,,,9738365952.0,,,,,high_market_cap_per_industry
IGN.AX,Commercial & Professional Services,46.0,,,,,,,,,,8.75,,,,,,,,,,high_dividend_yield_overall
IGO.AX,Materials,18.0,,,,,,,,,,12.62,,,,,,,,,,high_dividend_yield_overall
ILA.AX,"Pharmaceuticals, Biotechnology & Life Sciences",,,,,,,12.0,2.0,15.0,2.0,,,,,,,0.48161575,0.48161575,0.015145886375704957,0.015145886375704957,"low_pe_absolute_overall, low_pe_absolute_per_industry, low_pe_relative_industry_overall, low_pe_relative_industry_per_industry"
ING.AX,"Food, Beverage & Tobacco",,2.0,,,,,,,,,,7.95,,,,,,,,,high_dividend_yield_per_industry
IPH.AX,Commercial & Professional Services,25.0,1.0,,,,,,,,,11.03,11.03,,,,,,,,,"high_dividend_yield_overall, high_dividend_yield_per_industry"
IR1.AX,Materials,,,,,,,22.0,,19.0,,,,,,,,0.97499996,,0.020341404525663943,,"low_pe_absolute_overall, low_pe_relative_industry_overall"
IRD.AX,Materials,,,,,,,,,38.0,,,,,,,,,,0.05215744964149523,,low_pe_relative_industry_overall
IRI.AX,Software & Services,,2.0,,,,,,,,,,6.06,,,,,,,,,high_dividend_yield_per_industry
JBH.AX,Consumer Discretionary Distribution & Retail,,,11.0,1.0,,2.0,,,,,,,4.22,4.22,,10464355328.0,,,,,"high_eps_overall, high_eps_per_industry, high_market_cap_per_industry"
JHX.AX,Materials,,,,,42.0,,,,,,,,,,17668407296.0,,,,,,high_market_cap_overall
KBC.AX,Financial Services,,,,,,,33.0,,47.0,,,,,,,,1.5666666,,0.0734155685684007,,"low_pe_absolute_overall, low_pe_relative_industry_overall"
KKC.AX,Not Applic,43.0,,,,,,,,,,8.79,,,,,,,,,,high_dividend_yield_overall
KNM.AX,Media & Entertainment,,,,,,,6.0,1.0,9.0,1.0,,,,,,,0.20000002,0.20000002,0.00724863121327178,0.00724863121327178,"low_pe_absolute_overall, low_pe_absolute_per_industry, low_pe_relative_industry_overall, low_pe_relative_industry_per_industry"
KOV.AX,Capital Goods,,,44.0,1.0,,,,,,,,,1.11,1.11,,,,,,,"high_eps_overall, high_eps_per_industry"
KSL.AX,Banks,,2.0,,,,,,1.0,,1.0,,7.2,,,,,,8.821428,,0.43383205267142294,"high_dividend_yield_per_industry, low_pe_absolute_per_industry, low_pe_relative_industry_per_industry"
KSN.AX,Materials,,,,,,,47.0,,34.0,,,,,,,,2.0833335,,0.043464544845076,,"low_pe_absolute_overall, low_pe_relative_industry_overall"
LFG.AX,Financial Services,50.0,,,,,,,,,,8.66,,,,,,,,,,high_dividend_yield_overall
LLC.AX,Real Estate Management & Development,,1.0,,,,1.0,,,,,,4.61,,,,3494678272.0,,,,,"high_dividend_yield_per_industry, high_market_cap_per_industry"
LNW.AX,Consumer Services,,,6.0,1.0,48.0,2.0,,,,,,,6.94,6.94,13344540672.0,13344540672.0,,,,,"high_eps_overall, high_eps_per_industry, high_market_cap_overall, high_market_cap_per_industry"
LSX.AX,Not Applic,,,,,,,,2.0,,2.0,,,,,,,,3.7037036,,0.20762136142784432,"low_pe_absolute_per_industry, low_pe_relative_industry_per_industry"
LU7.AX,Materials,,,,,,,27.0,,22.0,,,,,,,,1.2,,0.025035575827917707,,"low_pe_absolute_overall, low_pe_relative_industry_overall"
LVE.AX,Software & Services,7.0,1.0,,,,,,,,,26.09,26.09,,,,,,,,,"high_dividend_yield_overall, high_dividend_yield_per_industry"
LYL.AX,Capital Goods,,,48.0,2.0,,,,,,,,,1.06,1.06,,,,,,,"high_eps_overall, high_eps_per_industry"
MAQ.AX,Software & Services,,,33.0,2.0,,,,,,,,,1.34,1.34,,,,,,,"high_eps_overall, high_eps_per_industry"
MCP.AX,Household & Personal Products,,,,,,,,2.0,,2.0,,,,,,,,3.9166667,,1.1252992769315335,"low_pe_absolute_per_industry, low_pe_relative_industry_per_industry"
MEZ.AX,Utilities,,,,,,2.0,,,,,,,,,,12685395968.0,,,,,high_market_cap_per_industry
MFD.AX,Consumer Services,,,,,,,,1.0,44.0,1.0,,,,,,,,3.0625002,0.06705594854514683,0.06705594854514683,"low_pe_absolute_per_industry, low_pe_relative_industry_overall, low_pe_relative_industry_per_industry"
MFF.AX,Not Applic,,,,2.0,,,,,,,,,,0.74,,,,,,,high_eps_per_industry
MM8.AX,Materials,,,,,,,,,41.0,,,,,,,,,,0.055616529615421205,,low_pe_relative_industry_overall
MMI.AX,Materials,,,,,,,,,48.0,,,,,,,,,,0.07406358266351919,,low_pe_relative_industry_overall
MMS.AX,Commercial & Professional Services,37.0,2.0,30.0,2.0,,,,,,,9.16,9.16,1.37,1.37,,,,,,,"high_dividend_yield_overall, high_dividend_yield_per_industry, high_eps_overall, high_eps_per_industry"
MOT.AX,Not Applic,39.0,,,,,,,,,,9.11,,,,,,,,,,high_dividend_yield_overall
MPL.AX,Insurance,,,,,49.0,,,,,,,,,,13136594944.0,,,,,,high_market_cap_overall
MQG.AX,Financial Services,,,1.0,1.0,11.0,1.0,,,,,,,10.98,10.98,77741907968.0,77741907968.0,,,,,"high_eps_overall, high_eps_per_industry, high_market_cap_overall, high_market_cap_per_industry"
MRC.AX,Materials,,,,,,,11.0,,10.0,,,,,,,,0.37142858,,0.007749106982704833,,"low_pe_absolute_overall, low_pe_relative_industry_overall"
MSI.AX,Capital Goods,,,,,,,13.0,1.0,16.0,1.0,,,,,,,0.5,0.5,0.01692512627378324,0.01692512627378324,"low_pe_absolute_overall, low_pe_absolute_per_industry, low_pe_relative_industry_overall, low_pe_relative_industry_per_industry"
MSV.AX,Materials,8.0,2.0,,,,,,,,,23.38,23.38,,,,,,,,,"high_dividend_yield_overall, high_dividend_yield_per_industry"
MTL.AX,Materials,3.0,1.0,,,,,,,,,100.0,100.0,,,,,,,,,"high_dividend_yield_overall, high_dividend_yield_per_industry"
MTS.AX,Consumer Staples Distribution & Retail,,1.0,,,,,,1.0,,1.0,,5.18,,,,,,12.692308,,0.48020998696306166,"high_dividend_yield_per_industry, low_pe_absolute_per_industry, low_pe_relative_industry_per_industry"
MVF.AX,Health Care Equipment & Services,,1.0,,,,,,,,,,6.38,,,,,,,,,high_dividend_yield_per_industry
MVL.AX,Materials,,,,,,,17.0,,13.0,,,,,,,,0.5666667,,0.011822355947504913,,"low_pe_absolute_overall, low_pe_relative_industry_overall"
NAB.AX,Banks,,,17.0,2.0,7.0,,,,,,,,2.21,2.21,128731103232.0,,,,,,"high_eps_overall, high_eps_per_industry, high_market_cap_overall"
NAC.AX,Not Applic,41.0,,,,,,,,,,8.96,,,,,,,,,,high_dividend_yield_overall
NCC.AX,Not Applic,33.0,,,,,,,,,,9.76,,,,,,,,,,high_dividend_yield_overall
NDO.AX,Consumer Services,19.0,1.0,,,,,,,,,12.59,12.59,,,,,,,,,"high_dividend_yield_overall, high_dividend_yield_per_industry"
NEM.AX,Materials,,,2.0,1.0,5.0,,,,,,,,9.74,9.74,177794187264.0,,,,,,"high_eps_overall, high_eps_per_industry, high_market_cap_overall"
NEU.AX,"Pharmaceuticals, Biotechnology & Life Sciences",,,42.0,2.0,,,,,,,,,1.14,1.14,,,,,,,"high_eps_overall, high_eps_per_industry"
NMT.AX,Materials,,,,,,,39.0,,31.0,,,,,,,,1.8666668,,0.03894423184738042,,"low_pe_absolute_overall, low_pe_relative_industry_overall"
NOR.AX,Software & Services,,,,,,,30.0,1.0,23.0,1.0,,,,,,,1.4000001,1.4000001,0.025052293006751145,0.025052293006751145,"low_pe_absolute_overall, low_pe_absolute_per_industry, low_pe_relative_industry_overall, low_pe_relative_industry_per_industry"
NSC.AX,Not Applic,16.0,2.0,,,,,,,,,12.99,12.99,,,,,,,,,"high_dividend_yield_overall, high_dividend_yield_per_industry"
NST.AX,Materials,,,43.0,,19.0,,,,,,,,1.12,,38443859968.0,,,,,,"high_eps_overall, high_market_cap_overall"
NTD.AX,Consumer Discretionary Distribution & Retail,,,,,,,,1.0,,1.0,,,,,,,,2.875,,0.10702829967407546,"low_pe_absolute_per_industry, low_pe_relative_industry_per_industry"
NWS.AX,Media & Entertainment,,,37.0,2.0,28.0,1.0,,,,,,,1.26,1.26,24954488832.0,24954488832.0,,,,,"high_eps_overall, high_eps_per_industry, high_market_cap_overall, high_market_cap_per_industry"
NZM.AX,Media & Entertainment,,2.0,,,,,,,,,,8.07,,,,,,,,,high_dividend_yield_per_industry
OBL.AX,Financial Services,,,39.0,,,,28.0,2.0,42.0,2.0,,,1.23,,,,1.2398374,1.2398374,0.05810002437874635,0.05810002437874635,"high_eps_overall, low_pe_absolute_overall, low_pe_absolute_per_industry, low_pe_relative_industry_overall, low_pe_relative_industry_per_industry"
OEL.AX,Energy,1.0,1.0,,,,,,,,,131.4,131.4,,,,,,,,,"high_dividend_yield_overall, high_dividend_yield_per_industry"
OEQ.AX,Financial Services,,,,,,,49.0,,,,,,,,,,2.3125,,,,low_pe_absolute_overall
OPH.AX,Not Applic,45.0,,,,,,,,,,8.75,,,,,,,,,,high_dividend_yield_overall
ORG.AX,Utilities,,,,1.0,37.0,1.0,,,,,,,,0.86,19432593408.0,19432593408.0,,,,,"high_eps_per_industry, high_market_cap_overall, high_market_cap_per_industry"
PAC.AX,Financial Services,,,38.0,,,,,,,,,,1.25,,,,,,,,high_eps_overall
PLS.AX,Materials,,,,,50.0,,,,,,,,,,12915621888.0,,,,,,high_market_cap_overall
PME.AX,Health Care Equipment & Services,,,45.0,,30.0,,,,,,,,1.11,,23232759808.0,,,,,,"high_eps_overall, high_market_cap_overall"
PTL.AX,Household & Personal Products,,,,,,,24.0,1.0,,1.0,,,,,,,1.0250001,1.0250001,,0.2944932412514829,"low_pe_absolute_overall, low_pe_absolute_per_industry, low_pe_relative_industry_per_industry"
PXA.AX,Real Estate Management & Development,,,,,,2.0,,,,,,,,,,2450905600.0,,,,,high_market_cap_per_industry
QAN.AX,Transportation,,,50.0,1.0,45.0,2.0,,,,,,,1.04,1.04,15495159808.0,15495159808.0,,,,,"high_eps_overall, high_eps_per_industry, high_market_cap_overall, high_market_cap_per_industry"
QBE.AX,Insurance,,,18.0,1.0,24.0,1.0,,2.0,,2.0,,,2.01,2.01,29765978112.0,29765978112.0,,9.80597,,0.4875438770944166,"high_eps_overall, high_eps_per_industry, high_market_cap_overall, high_market_cap_per_industry, low_pe_absolute_per_industry, low_pe_relative_industry_per_industry"
QFE.AX,Financial Services,4.0,1.0,,,,,,,,,100.0,100.0,,,,,,,,,"high_dividend_yield_overall, high_dividend_yield_per_industry"
QUE.AX,Financial Services,,,,,,,40.0,,,,,,,,,,1.8666668,,,,low_pe_absolute_overall
RAN.AX,Materials,,,,,,,5.0,,4.0,,,,,,,,0.042857144,,0.0008941277319833238,,"low_pe_absolute_overall, low_pe_relative_industry_overall"
RCM.AX,Materials,,,,,,,38.0,,30.0,,,,,,,,1.8333334,,0.03824879779462849,,"low_pe_absolute_overall, low_pe_relative_industry_overall"
REA.AX,Media & Entertainment,,,10.0,1.0,29.0,2.0,,,,,,,5.13,5.13,24338632704.0,24338632704.0,,,,,"high_eps_overall, high_eps_per_industry, high_market_cap_overall, high_market_cap_per_industry"
REP.AX,Equity Real Estate Investment Trusts (REITs),49.0,,,,,,,,,,8.7,,,,,,,,,,high_dividend_yield_overall
RFG.AX,Consumer Services,,,,,,,,2.0,,2.0,,,,,,,,6.7123227,,0.1469717995739628,"low_pe_absolute_per_industry, low_pe_relative_industry_per_industry"
RIO.AX,Materials,,,3.0,2.0,3.0,1.0,,,,,,,9.51,9.51,234917052416.0,234917052416.0,,,,,"high_eps_overall, high_eps_per_industry, high_market_cap_overall, high_market_cap_per_industry"
RMD.AX,Health Care Equipment & Services,,,28.0,2.0,16.0,1.0,,,,,,,1.48,1.48,54080512000.0,54080512000.0,,,,,"high_eps_overall, high_eps_per_industry, high_market_cap_overall, high_market_cap_per_industry"
RMY.AX,Media & Entertainment,,,,,,,,2.0,,2.0,,,,,,,,6.4285717,,0.23299170410770773,"low_pe_absolute_per_industry, low_pe_relative_industry_per_industry"
RPM.AX,Automobiles & Components,,,,,,,,2.0,,2.0,,,,,,,,2.75,,0.1376768961268013,"low_pe_absolute_per_industry, low_pe_relative_industry_per_industry"
RTR.AX,Materials,,,,,,,34.0,,27.0,,,,,,,,1.5769231,,0.032899314870704216,,"low_pe_absolute_overall, low_pe_relative_industry_overall"
S32.AX,Materials,,,,,44.0,,,,,,,,,,15550210048.0,,,,,,high_market_cap_overall
S66.AX,Household & Personal Products,,1.0,,1.0,,,,,,,,1.7,,0.04,,,,,,,"high_dividend_yield_per_industry, high_eps_per_industry"
SCG.AX,Equity Real Estate Investment Trusts (REITs),,,,,33.0,2.0,,,,,,,,,21908951040.0,21908951040.0,,,,,"high_market_cap_overall, high_market_cap_per_industry"
SEN.AX,Technology Hardware & Equipment,31.0,1.0,,,,,,,,,9.94,9.94,,,,,,,,,"high_dividend_yield_overall, high_dividend_yield_per_industry"
SEQ.AX,Financial Services,13.0,,,,,,,,,,14.81,,,,,,,,,,high_dividend_yield_overall
SFC.AX,Automobiles & Components,,2.0,23.0,1.0,,,,,,,,4.5,1.79,1.79,,,,,,,"high_dividend_yield_per_industry, high_eps_overall, high_eps_per_industry"
SFX.AX,Materials,,,,,,,,,45.0,,,,,,,,,,0.06944115163831951,,low_pe_relative_industry_overall
SGH.AX,Capital Goods,,,,,39.0,1.0,,,,,,,,,19096352768.0,19096352768.0,,,,,"high_market_cap_overall, high_market_cap_per_industry"
SGP.AX,Equity Real Estate Investment Trusts (REITs),,,,,46.0,,,,,,,,,,14364647424.0,,,,,,high_market_cap_overall
SHL.AX,Health Care Equipment & Services,,2.0,47.0,,,,,,,,,4.74,1.07,,,,,,,,"high_dividend_yield_per_industry, high_eps_overall"
SIG.AX,Health Care Equipment & Services,,,,,22.0,2.0,,,,,,,,,33928726528.0,33928726528.0,,,,,"high_market_cap_overall, high_market_cap_per_industry"
SMR.AX,Materials,17.0,,,,,,,,,,12.7,,,,,,,,,,high_dividend_yield_overall
SNZ.AX,Health Care Equipment & Services,,,34.0,,,,,,,,,,1.34,,,,,,,,high_eps_overall
SOL.AX,Financial Services,,,46.0,,47.0,,,,,,,,1.11,,13646713856.0,,,,,,"high_eps_overall, high_market_cap_overall"
SPK.AX,Telecommunication Services,24.0,1.0,,2.0,,,,2.0,,2.0,11.17,11.17,,0.12,,,,16.208334,,0.08853900902925473,"high_dividend_yield_overall, high_dividend_yield_per_industry, high_eps_per_industry, low_pe_absolute_per_industry, low_pe_relative_industry_per_industry"
SRV.AX,Real Estate Management & Development,,,,2.0,,,,,,,,,,0.53,,,,,,,high_eps_per_industry
STO.AX,Energy,,,,,36.0,2.0,,,,,,,,,19681503232.0,19681503232.0,,,,,"high_market_cap_overall, high_market_cap_per_industry"
STP.AX,Consumer Discretionary Distribution & Retail,9.0,1.0,,,,,,2.0,,2.0,20.0,20.0,,,,,,5.0,,0.18613617334621818,"high_dividend_yield_overall, high_dividend_yield_per_industry, low_pe_absolute_per_industry, low_pe_relative_industry_per_industry"
SUN.AX,Insurance,,,32.0,,40.0,2.0,,,,,,,1.36,,19038570496.0,19038570496.0,,,,,"high_eps_overall, high_market_cap_overall, high_market_cap_per_industry"
SVG.AX,Materials,,,,,,,2.0,2.0,2.0,2.0,,,,,,,0.014999999,0.014999999,0.0003129446769859915,0.0003129446769859915,"low_pe_absolute_overall, low_pe_absolute_per_industry, low_pe_relative_industry_overall, low_pe_relative_industry_per_industry"
SVR.AX,Financial Services,38.0,,,,,,,,,,9.14,,,,,,,,,,high_dividend_yield_overall
TCF.AX,Not Applic,26.0,,,,,,,,,,11.01,,,,,,,,,,high_dividend_yield_overall
TCL.AX,Transportation,,,,,17.0,1.0,,,,,,,,,45008740352.0,45008740352.0,,,,,"high_market_cap_overall, high_market_cap_per_industry"
TER.AX,Energy,6.0,2.0,,,,,,,,,46.51,46.51,,,,,,,,,"high_dividend_yield_overall, high_dividend_yield_per_industry"
TIA.AX,Real Estate Management & Development,,,,,,,35.0,1.0,46.0,1.0,,,,,,,1.5999999,1.5999999,0.06999751342567703,0.06999751342567703,"low_pe_absolute_overall, low_pe_absolute_per_industry, low_pe_relative_industry_overall, low_pe_relative_industry_per_industry"
TLS.AX,Telecommunication Services,,,,1.0,15.0,1.0,,,,,,,,0.19,54473900032.0,54473900032.0,,,,,"high_eps_per_industry, high_market_cap_overall, high_market_cap_per_industry"
TLX.AX,"Pharmaceuticals, Biotechnology & Life Sciences",,,,,,2.0,,,,,,,,,,3986568448.0,,,,,high_market_cap_per_industry
TPC.AX,Utilities,,1.0,,,,,,,,,,6.6,,,,,,,,,high_dividend_yield_per_industry
TPG.AX,Telecommunication Services,,,,,,2.0,,,,,,,,,,7323014656.0,,,,,high_market_cap_per_industry
TWE.AX,"Food, Beverage & Tobacco",,1.0,,2.0,,2.0,,,,,,8.18,,0.54,,3996814336.0,,,,,"high_dividend_yield_per_industry, high_eps_per_industry, high_market_cap_per_industry"
TWR.AX,Insurance,20.0,1.0,,,,,,1.0,,1.0,12.5,12.5,,,,,,8.95,,0.44498583006016007,"high_dividend_yield_overall, high_dividend_yield_per_industry, low_pe_absolute_per_industry, low_pe_relative_industry_per_industry"
VBX.AX,Materials,,,,,,,20.0,,17.0,,,,,,,,0.9178354,,0.01914878146187265,,"low_pe_absolute_overall, low_pe_relative_industry_overall"
VEN.AX,Energy,,,,,,,42.0,2.0,,2.0,,,,,,,2.0,2.0,,0.09300330008259848,"low_pe_absolute_overall, low_pe_absolute_per_industry, low_pe_relative_industry_per_industry"
VGN.AX,Transportation,,,,2.0,,,,2.0,,2.0,,,,0.65,,,,5.276923,,0.13994856633192784,"high_eps_per_industry, low_pe_absolute_per_industry, low_pe_relative_industry_per_industry"
VIT.AX,Health Care Equipment & Services,,,,,,,,2.0,,2.0,,,,,,,,6.1000004,,0.13062222477946078,"low_pe_absolute_per_industry, low_pe_relative_industry_per_industry"
VLS.AX,"Pharmaceuticals, Biotechnology & Life Sciences",,2.0,,,,,,,,,,3.53,,,,,,,,,high_dividend_yield_per_industry
VMT.AX,Automobiles & Components,,,,,,,37.0,1.0,,1.0,,,,,,,1.725,1.725,,0.08636096211590265,"low_pe_absolute_overall, low_pe_absolute_per_industry, low_pe_relative_industry_per_industry"
WAM.AX,Not Applic,47.0,,,,,,,,,,8.71,,,,,,,,,,high_dividend_yield_overall
WAT.AX,Consumer Durables & Apparel,,,,2.0,,,,,,,,,,0.27,,,,,,,high_eps_per_industry
WBC.AX,Banks,,,19.0,,6.0,2.0,,,,,,,1.99,,132462493696.0,132462493696.0,,,,,"high_eps_overall, high_market_cap_overall, high_market_cap_per_industry"
WBT.AX,Semiconductors & Semiconductor Equipment,,,,,,1.0,,,,,,,,,,985365440.0,,,,,high_market_cap_per_industry
WDS.AX,Energy,,,16.0,1.0,18.0,1.0,,,,,,,2.34,2.34,43706294272.0,43706294272.0,,,,,"high_eps_overall, high_eps_per_industry, high_market_cap_overall, high_market_cap_per_industry"
WES.AX,Consumer Discretionary Distribution & Retail,,,15.0,2.0,9.0,1.0,,,,,,,2.58,2.58,91923841024.0,91923841024.0,,,,,"high_eps_overall, high_eps_per_industry, high_market_cap_overall, high_market_cap_per_industry"
WHC.AX,Energy,,,,2.0,,,,,,,,,,0.8,,,,,,,high_eps_per_industry
WNX.AX,"Food, Beverage & Tobacco",,,,,,,41.0,1.0,,1.0,,,,,,,2.0,2.0,,0.13405842897018494,"low_pe_absolute_overall, low_pe_absolute_per_industry, low_pe_relative_industry_per_industry"
WOW.AX,Consumer Staples Distribution & Retail,,,,2.0,20.0,1.0,,,,,,,,0.78,35890585600.0,35890585600.0,,,,,"high_eps_per_industry, high_market_cap_overall, high_market_cap_per_industry"
WTC.AX,Software & Services,,,,,31.0,1.0,,,,,,,,,22591436800.0,22591436800.0,,,,,"high_market_cap_overall, high_market_cap_per_industry"
WTL.AX,Financial Services,42.0,,,,,,,,,,8.89,,,,,,,,,,high_dividend_yield_overall
WWG.AX,Transportation,,2.0,,,,,,,,,,5.0,,,,,,,,,high_dividend_yield_per_industry
X2M.AX,Technology Hardware & Equipment,,,,,,,14.0,1.0,24.0,1.0,,,,,,,0.5,0.5,0.026491687178296995,0.026491687178296995,"low_pe_absolute_overall, low_pe_absolute_per_industry, low_pe_relative_industry_overall, low_pe_relative_industry_per_industry"
XRO.AX,Software & Services,,,27.0,1.0,35.0,2.0,,,,,,,1.49,1.49,20061691904.0,20061691904.0,,,,,"high_eps_overall, high_eps_per_industry, high_market_cap_overall, high_market_cap_per_industry"
XYZ.AX,Financial Services,,,5.0,2.0,13.0,2.0,,,,,,,7.53,7.53,61856464896.0,61856464896.0,,,,,"high_eps_overall, high_eps_per_industry, high_market_cap_overall, high_market_cap_per_industry"
YAL.AX,Energy,21.0,,,,,,,,,,11.62,,,,,,,,,,high_dividend_yield_overall
